image_id,subject_id,eye_state,yawn_detected,drowsy,fatigue_score,lighting_condition,capture_time,cnn_label
IMG_10000,SUBJ_001,partially_closed,0,1,0.41,day,2025-01-01 06:00:00,1
IMG_10001,SUBJ_010,closed,0,1,0.51,outdoor,2025-01-01 06:03:00,1
IMG_10002,SUBJ_008,open,1,1,0.31,night,2025-01-01 06:06:00,1
IMG_10003,SUBJ_023,closed,0,1,0.56,night,2025-01-01 06:09:00,1
IMG_10004,SUBJ_048,partially_closed,1,1,0.94,indoor,2025-01-01 06:12:00,1
IMG_10005,SUBJ_007,closed,0,1,0.8,indoor,2025-01-01 06:15:00,1
IMG_10006,SUBJ_047,closed,0,1,0.56,night,2025-01-01 06:18:00,1
IMG_10007,SUBJ_037,partially_closed,1,1,0.37,indoor,2025-01-01 06:21:00,1
IMG_10008,SUBJ_025,open,1,1,0.51,day,2025-01-01 06:24:00,1
IMG_10009,SUBJ_021,open,1,1,0.87,outdoor,2025-01-01 06:27:00,1
IMG_10010,SUBJ_002,open,0,0,0.28,day,2025-01-01 06:30:00,0
IMG_10011,SUBJ_042,open,1,1,0.91,outdoor,2025-01-01 06:33:00,1
IMG_10012,SUBJ_045,open,0,0,0.06,night,2025-01-01 06:36:00,0
IMG_10013,SUBJ_013,open,0,0,0.41,outdoor,2025-01-01 06:39:00,0
IMG_10014,SUBJ_046,open,1,1,0.32,indoor,2025-01-01 06:42:00,1
IMG_10015,SUBJ_017,partially_closed,1,1,0.58,night,2025-01-01 06:45:00,1
IMG_10016,SUBJ_042,closed,1,1,0.34,outdoor,2025-01-01 06:48:00,1
IMG_10017,SUBJ_002,closed,0,1,0.43,low_light,2025-01-01 06:51:00,1
IMG_10018,SUBJ_012,closed,0,1,0.91,outdoor,2025-01-01 06:54:00,1
IMG_10019,SUBJ_019,partially_closed,1,1,0.52,indoor,2025-01-01 06:57:00,1
IMG_10020,SUBJ_035,partially_closed,1,1,0.47,outdoor,2025-01-01 07:00:00,1
IMG_10021,SUBJ_048,closed,0,1,0.58,low_light,2025-01-01 07:03:00,1
IMG_10022,SUBJ_039,partially_closed,1,1,0.62,night,2025-01-01 07:06:00,1
IMG_10023,SUBJ_033,closed,0,1,0.32,outdoor,2025-01-01 07:09:00,1
IMG_10024,SUBJ_034,closed,0,1,0.76,day,2025-01-01 07:12:00,1
IMG_10025,SUBJ_045,closed,0,1,0.4,low_light,2025-01-01 07:15:00,1
IMG_10026,SUBJ_006,partially_closed,0,1,0.86,night,2025-01-01 07:18:00,1
IMG_10027,SUBJ_010,partially_closed,0,1,0.84,night,2025-01-01 07:21:00,1
IMG_10028,SUBJ_027,closed,0,1,0.68,low_light,2025-01-01 07:24:00,1
IMG_10029,SUBJ_047,closed,0,1,0.77,day,2025-01-01 07:27:00,1
IMG_10030,SUBJ_042,open,1,1,0.9,low_light,2025-01-01 07:30:00,1
IMG_10031,SUBJ_050,open,0,0,0.31,low_light,2025-01-01 07:33:00,0
IMG_10032,SUBJ_022,open,1,1,0.58,indoor,2025-01-01 07:36:00,1
IMG_10033,SUBJ_029,open,0,0,0.43,outdoor,2025-01-01 07:39:00,0
IMG_10034,SUBJ_007,closed,1,1,0.57,indoor,2025-01-01 07:42:00,1
IMG_10035,SUBJ_045,partially_closed,0,1,0.75,day,2025-01-01 07:45:00,1
IMG_10036,SUBJ_043,closed,0,1,0.59,night,2025-01-01 07:48:00,1
IMG_10037,SUBJ_035,open,0,0,0.35,night,2025-01-01 07:51:00,0
IMG_10038,SUBJ_008,partially_closed,0,1,0.8,low_light,2025-01-01 07:54:00,1
IMG_10039,SUBJ_038,partially_closed,0,1,0.35,day,2025-01-01 07:57:00,1
IMG_10040,SUBJ_025,partially_closed,0,1,0.6,outdoor,2025-01-01 08:00:00,1
IMG_10041,SUBJ_030,closed,1,1,0.44,day,2025-01-01 08:03:00,1
IMG_10042,SUBJ_024,partially_closed,0,1,0.5,day,2025-01-01 08:06:00,1
IMG_10043,SUBJ_002,open,1,1,0.55,night,2025-01-01 08:09:00,1
IMG_10044,SUBJ_035,partially_closed,1,1,0.92,outdoor,2025-01-01 08:12:00,1
IMG_10045,SUBJ_044,open,0,0,0.48,outdoor,2025-01-01 08:15:00,0
IMG_10046,SUBJ_001,partially_closed,1,1,0.63,low_light,2025-01-01 08:18:00,1
IMG_10047,SUBJ_028,partially_closed,0,1,0.8,outdoor,2025-01-01 08:21:00,1
IMG_10048,SUBJ_022,open,0,0,0.29,indoor,2025-01-01 08:24:00,0
IMG_10049,SUBJ_003,closed,1,1,0.74,low_light,2025-01-01 08:27:00,1
IMG_10050,SUBJ_021,partially_closed,1,1,0.82,night,2025-01-01 08:30:00,1
IMG_10051,SUBJ_016,open,0,0,0.04,indoor,2025-01-01 08:33:00,0
IMG_10052,SUBJ_032,open,1,1,0.65,day,2025-01-01 08:36:00,1
IMG_10053,SUBJ_041,partially_closed,1,1,0.39,night,2025-01-01 08:39:00,1
IMG_10054,SUBJ_018,partially_closed,1,1,0.69,indoor,2025-01-01 08:42:00,1
IMG_10055,SUBJ_022,open,0,0,0.24,day,2025-01-01 08:45:00,0
IMG_10056,SUBJ_016,open,1,1,0.56,low_light,2025-01-01 08:48:00,1
IMG_10057,SUBJ_037,open,1,1,0.82,outdoor,2025-01-01 08:51:00,1
IMG_10058,SUBJ_040,partially_closed,1,1,0.77,day,2025-01-01 08:54:00,1
IMG_10059,SUBJ_009,closed,1,1,0.71,indoor,2025-01-01 08:57:00,1
IMG_10060,SUBJ_023,closed,1,1,0.51,day,2025-01-01 09:00:00,1
IMG_10061,SUBJ_041,closed,1,1,0.45,day,2025-01-01 09:03:00,1
IMG_10062,SUBJ_005,open,0,0,0.18,day,2025-01-01 09:06:00,0
IMG_10063,SUBJ_003,closed,0,1,0.65,low_light,2025-01-01 09:09:00,1
IMG_10064,SUBJ_044,open,0,0,0.01,night,2025-01-01 09:12:00,0
IMG_10065,SUBJ_004,closed,0,1,0.57,indoor,2025-01-01 09:15:00,1
IMG_10066,SUBJ_037,open,1,1,0.45,day,2025-01-01 09:18:00,1
IMG_10067,SUBJ_010,partially_closed,0,1,0.7,day,2025-01-01 09:21:00,1
IMG_10068,SUBJ_007,closed,0,1,0.67,night,2025-01-01 09:24:00,1
IMG_10069,SUBJ_043,open,1,1,0.33,low_light,2025-01-01 09:27:00,1
IMG_10070,SUBJ_004,closed,1,1,0.88,night,2025-01-01 09:30:00,1
IMG_10071,SUBJ_044,open,1,1,0.36,outdoor,2025-01-01 09:33:00,1
IMG_10072,SUBJ_018,partially_closed,0,1,0.86,low_light,2025-01-01 09:36:00,1
IMG_10073,SUBJ_012,open,0,0,0.2,outdoor,2025-01-01 09:39:00,0
IMG_10074,SUBJ_050,open,0,0,0.43,day,2025-01-01 09:42:00,0
IMG_10075,SUBJ_026,partially_closed,1,1,0.88,low_light,2025-01-01 09:45:00,1
IMG_10076,SUBJ_024,partially_closed,0,1,0.52,day,2025-01-01 09:48:00,1
IMG_10077,SUBJ_047,closed,0,1,0.48,low_light,2025-01-01 09:51:00,1
IMG_10078,SUBJ_016,partially_closed,0,1,0.67,outdoor,2025-01-01 09:54:00,1
IMG_10079,SUBJ_046,open,1,1,0.93,low_light,2025-01-01 09:57:00,1
IMG_10080,SUBJ_002,partially_closed,0,1,0.5,day,2025-01-01 10:00:00,1
IMG_10081,SUBJ_042,closed,1,1,0.8,low_light,2025-01-01 10:03:00,1
IMG_10082,SUBJ_044,closed,0,1,0.63,night,2025-01-01 10:06:00,1
IMG_10083,SUBJ_016,partially_closed,1,1,0.7,indoor,2025-01-01 10:09:00,1
IMG_10084,SUBJ_032,closed,0,1,0.77,low_light,2025-01-01 10:12:00,1
IMG_10085,SUBJ_042,closed,1,1,0.82,indoor,2025-01-01 10:15:00,1
IMG_10086,SUBJ_005,closed,1,1,0.9,day,2025-01-01 10:18:00,1
IMG_10087,SUBJ_033,partially_closed,1,1,0.37,night,2025-01-01 10:21:00,1
IMG_10088,SUBJ_005,partially_closed,0,1,0.94,low_light,2025-01-01 10:24:00,1
IMG_10089,SUBJ_022,open,0,0,0.41,outdoor,2025-01-01 10:27:00,0
IMG_10090,SUBJ_028,partially_closed,1,1,0.78,indoor,2025-01-01 10:30:00,1
IMG_10091,SUBJ_031,open,1,1,0.76,indoor,2025-01-01 10:33:00,1
IMG_10092,SUBJ_022,partially_closed,0,1,0.71,low_light,2025-01-01 10:36:00,1
IMG_10093,SUBJ_038,partially_closed,0,1,0.62,outdoor,2025-01-01 10:39:00,1
IMG_10094,SUBJ_006,closed,0,1,0.91,night,2025-01-01 10:42:00,1
IMG_10095,SUBJ_043,partially_closed,1,1,0.48,day,2025-01-01 10:45:00,1
IMG_10096,SUBJ_041,closed,0,1,0.46,day,2025-01-01 10:48:00,1
IMG_10097,SUBJ_021,open,1,1,0.87,indoor,2025-01-01 10:51:00,1
IMG_10098,SUBJ_012,partially_closed,0,1,0.94,day,2025-01-01 10:54:00,1
IMG_10099,SUBJ_041,partially_closed,1,1,0.4,low_light,2025-01-01 10:57:00,1
IMG_10100,SUBJ_047,partially_closed,1,1,0.92,low_light,2025-01-01 11:00:00,1
IMG_10101,SUBJ_048,closed,0,1,0.52,indoor,2025-01-01 11:03:00,1
IMG_10102,SUBJ_012,partially_closed,0,1,0.38,indoor,2025-01-01 11:06:00,1
IMG_10103,SUBJ_043,open,0,0,0.41,outdoor,2025-01-01 11:09:00,0
IMG_10104,SUBJ_038,partially_closed,0,1,0.5,outdoor,2025-01-01 11:12:00,1
IMG_10105,SUBJ_024,partially_closed,1,1,0.92,night,2025-01-01 11:15:00,1
IMG_10106,SUBJ_028,partially_closed,0,1,0.48,day,2025-01-01 11:18:00,1
IMG_10107,SUBJ_007,closed,0,1,0.94,night,2025-01-01 11:21:00,1
IMG_10108,SUBJ_039,open,1,1,0.38,low_light,2025-01-01 11:24:00,1
IMG_10109,SUBJ_022,partially_closed,0,1,0.77,outdoor,2025-01-01 11:27:00,1
IMG_10110,SUBJ_040,closed,1,1,0.54,outdoor,2025-01-01 11:30:00,1
IMG_10111,SUBJ_006,open,1,1,0.6,low_light,2025-01-01 11:33:00,1
IMG_10112,SUBJ_006,partially_closed,0,1,0.88,indoor,2025-01-01 11:36:00,1
IMG_10113,SUBJ_032,closed,1,1,0.5,night,2025-01-01 11:39:00,1
IMG_10114,SUBJ_046,closed,0,1,0.85,outdoor,2025-01-01 11:42:00,1
IMG_10115,SUBJ_010,open,1,1,0.31,day,2025-01-01 11:45:00,1
IMG_10116,SUBJ_046,closed,1,1,0.77,outdoor,2025-01-01 11:48:00,1
IMG_10117,SUBJ_015,partially_closed,0,1,0.91,outdoor,2025-01-01 11:51:00,1
IMG_10118,SUBJ_017,open,0,0,0.0,indoor,2025-01-01 11:54:00,0
IMG_10119,SUBJ_024,partially_closed,0,1,0.32,day,2025-01-01 11:57:00,1
IMG_10120,SUBJ_010,partially_closed,1,1,0.62,low_light,2025-01-01 12:00:00,1
IMG_10121,SUBJ_040,closed,0,1,0.51,low_light,2025-01-01 12:03:00,1
IMG_10122,SUBJ_001,open,1,1,0.64,indoor,2025-01-01 12:06:00,1
IMG_10123,SUBJ_014,partially_closed,1,1,0.83,night,2025-01-01 12:09:00,1
IMG_10124,SUBJ_016,open,0,0,0.28,day,2025-01-01 12:12:00,0
IMG_10125,SUBJ_030,closed,0,1,0.44,low_light,2025-01-01 12:15:00,1
IMG_10126,SUBJ_014,open,0,0,0.45,indoor,2025-01-01 12:18:00,0
IMG_10127,SUBJ_042,open,0,0,0.44,low_light,2025-01-01 12:21:00,0
IMG_10128,SUBJ_050,closed,1,1,0.44,outdoor,2025-01-01 12:24:00,1
IMG_10129,SUBJ_044,partially_closed,0,1,0.8,night,2025-01-01 12:27:00,1
IMG_10130,SUBJ_006,closed,0,1,0.46,night,2025-01-01 12:30:00,1
IMG_10131,SUBJ_004,closed,1,1,0.9,indoor,2025-01-01 12:33:00,1
IMG_10132,SUBJ_047,partially_closed,1,1,0.38,indoor,2025-01-01 12:36:00,1
IMG_10133,SUBJ_018,closed,0,1,0.34,night,2025-01-01 12:39:00,1
IMG_10134,SUBJ_045,closed,1,1,0.58,outdoor,2025-01-01 12:42:00,1
IMG_10135,SUBJ_042,partially_closed,0,1,0.36,outdoor,2025-01-01 12:45:00,1
IMG_10136,SUBJ_050,open,0,0,0.22,low_light,2025-01-01 12:48:00,0
IMG_10137,SUBJ_038,open,1,1,0.48,night,2025-01-01 12:51:00,1
IMG_10138,SUBJ_030,open,1,1,0.52,low_light,2025-01-01 12:54:00,1
IMG_10139,SUBJ_027,partially_closed,0,1,0.9,day,2025-01-01 12:57:00,1
IMG_10140,SUBJ_040,closed,0,1,0.65,night,2025-01-01 13:00:00,1
IMG_10141,SUBJ_018,partially_closed,0,1,0.61,night,2025-01-01 13:03:00,1
IMG_10142,SUBJ_048,open,0,0,0.32,night,2025-01-01 13:06:00,0
IMG_10143,SUBJ_030,open,0,0,0.27,day,2025-01-01 13:09:00,0
IMG_10144,SUBJ_049,open,0,0,0.08,indoor,2025-01-01 13:12:00,0
IMG_10145,SUBJ_049,open,1,1,0.36,outdoor,2025-01-01 13:15:00,1
IMG_10146,SUBJ_028,closed,1,1,0.41,night,2025-01-01 13:18:00,1
IMG_10147,SUBJ_025,closed,1,1,0.43,outdoor,2025-01-01 13:21:00,1
IMG_10148,SUBJ_028,open,0,0,0.11,day,2025-01-01 13:24:00,0
IMG_10149,SUBJ_040,open,1,1,0.7,outdoor,2025-01-01 13:27:00,1
IMG_10150,SUBJ_038,closed,1,1,0.44,low_light,2025-01-01 13:30:00,1
IMG_10151,SUBJ_011,partially_closed,0,1,0.55,night,2025-01-01 13:33:00,1
IMG_10152,SUBJ_027,open,1,1,0.64,low_light,2025-01-01 13:36:00,1
IMG_10153,SUBJ_019,open,1,1,0.36,night,2025-01-01 13:39:00,1
IMG_10154,SUBJ_045,partially_closed,0,1,0.78,outdoor,2025-01-01 13:42:00,1
IMG_10155,SUBJ_018,open,1,1,0.66,day,2025-01-01 13:45:00,1
IMG_10156,SUBJ_007,closed,1,1,0.66,low_light,2025-01-01 13:48:00,1
IMG_10157,SUBJ_005,partially_closed,0,1,0.82,day,2025-01-01 13:51:00,1
IMG_10158,SUBJ_012,partially_closed,0,1,0.61,low_light,2025-01-01 13:54:00,1
IMG_10159,SUBJ_034,partially_closed,1,1,0.76,indoor,2025-01-01 13:57:00,1
IMG_10160,SUBJ_033,closed,0,1,0.79,day,2025-01-01 14:00:00,1
IMG_10161,SUBJ_038,open,1,1,0.44,low_light,2025-01-01 14:03:00,1
IMG_10162,SUBJ_040,closed,1,1,0.32,outdoor,2025-01-01 14:06:00,1
IMG_10163,SUBJ_001,closed,0,1,0.84,night,2025-01-01 14:09:00,1
IMG_10164,SUBJ_029,partially_closed,0,1,0.6,low_light,2025-01-01 14:12:00,1
IMG_10165,SUBJ_004,partially_closed,0,1,0.59,low_light,2025-01-01 14:15:00,1
IMG_10166,SUBJ_032,partially_closed,1,1,0.31,night,2025-01-01 14:18:00,1
IMG_10167,SUBJ_013,partially_closed,0,1,0.45,night,2025-01-01 14:21:00,1
IMG_10168,SUBJ_045,partially_closed,0,1,0.36,low_light,2025-01-01 14:24:00,1
IMG_10169,SUBJ_007,partially_closed,1,1,0.88,outdoor,2025-01-01 14:27:00,1
IMG_10170,SUBJ_030,closed,0,1,0.57,indoor,2025-01-01 14:30:00,1
IMG_10171,SUBJ_041,open,0,0,0.37,day,2025-01-01 14:33:00,0
IMG_10172,SUBJ_043,open,1,1,0.61,night,2025-01-01 14:36:00,1
IMG_10173,SUBJ_028,closed,0,1,0.51,day,2025-01-01 14:39:00,1
IMG_10174,SUBJ_030,open,1,1,0.74,low_light,2025-01-01 14:42:00,1
IMG_10175,SUBJ_014,partially_closed,0,1,0.76,day,2025-01-01 14:45:00,1
IMG_10176,SUBJ_031,partially_closed,0,1,0.71,outdoor,2025-01-01 14:48:00,1
IMG_10177,SUBJ_001,open,1,1,0.71,night,2025-01-01 14:51:00,1
IMG_10178,SUBJ_020,closed,1,1,0.88,indoor,2025-01-01 14:54:00,1
IMG_10179,SUBJ_003,closed,0,1,0.34,indoor,2025-01-01 14:57:00,1
IMG_10180,SUBJ_037,closed,0,1,0.62,night,2025-01-01 15:00:00,1
IMG_10181,SUBJ_038,closed,1,1,0.45,indoor,2025-01-01 15:03:00,1
IMG_10182,SUBJ_044,closed,0,1,0.3,day,2025-01-01 15:06:00,1
IMG_10183,SUBJ_012,open,0,0,0.48,day,2025-01-01 15:09:00,0
IMG_10184,SUBJ_044,closed,0,1,0.57,outdoor,2025-01-01 15:12:00,1
IMG_10185,SUBJ_044,partially_closed,0,1,0.61,day,2025-01-01 15:15:00,1
IMG_10186,SUBJ_005,open,0,0,0.08,indoor,2025-01-01 15:18:00,0
IMG_10187,SUBJ_014,partially_closed,1,1,0.33,night,2025-01-01 15:21:00,1
IMG_10188,SUBJ_046,partially_closed,1,1,0.36,night,2025-01-01 15:24:00,1
IMG_10189,SUBJ_026,open,1,1,0.57,night,2025-01-01 15:27:00,1
IMG_10190,SUBJ_005,partially_closed,1,1,0.78,night,2025-01-01 15:30:00,1
IMG_10191,SUBJ_001,closed,1,1,0.31,low_light,2025-01-01 15:33:00,1
IMG_10192,SUBJ_018,closed,0,1,0.57,low_light,2025-01-01 15:36:00,1
IMG_10193,SUBJ_028,partially_closed,1,1,0.69,day,2025-01-01 15:39:00,1
IMG_10194,SUBJ_028,open,1,1,0.46,day,2025-01-01 15:42:00,1
IMG_10195,SUBJ_023,open,1,1,0.85,low_light,2025-01-01 15:45:00,1
IMG_10196,SUBJ_041,partially_closed,0,1,0.68,night,2025-01-01 15:48:00,1
IMG_10197,SUBJ_006,closed,0,1,0.6,indoor,2025-01-01 15:51:00,1
IMG_10198,SUBJ_033,partially_closed,0,1,0.94,indoor,2025-01-01 15:54:00,1
IMG_10199,SUBJ_041,open,1,1,0.52,outdoor,2025-01-01 15:57:00,1
IMG_10200,SUBJ_013,partially_closed,0,1,0.31,indoor,2025-01-01 16:00:00,1
IMG_10201,SUBJ_034,open,0,0,0.16,day,2025-01-01 16:03:00,0
IMG_10202,SUBJ_027,closed,0,1,0.84,day,2025-01-01 16:06:00,1
IMG_10203,SUBJ_011,partially_closed,0,1,0.52,day,2025-01-01 16:09:00,1
IMG_10204,SUBJ_031,open,0,0,0.27,night,2025-01-01 16:12:00,0
IMG_10205,SUBJ_009,closed,0,1,0.31,outdoor,2025-01-01 16:15:00,1
IMG_10206,SUBJ_044,open,0,0,0.36,outdoor,2025-01-01 16:18:00,0
IMG_10207,SUBJ_013,open,0,0,0.08,day,2025-01-01 16:21:00,0
IMG_10208,SUBJ_012,open,0,0,0.35,night,2025-01-01 16:24:00,0
IMG_10209,SUBJ_038,open,0,0,0.04,day,2025-01-01 16:27:00,0
IMG_10210,SUBJ_048,partially_closed,1,1,0.34,night,2025-01-01 16:30:00,1
IMG_10211,SUBJ_021,open,1,1,0.68,low_light,2025-01-01 16:33:00,1
IMG_10212,SUBJ_013,closed,1,1,0.84,day,2025-01-01 16:36:00,1
IMG_10213,SUBJ_012,closed,0,1,0.65,day,2025-01-01 16:39:00,1
IMG_10214,SUBJ_002,closed,1,1,0.75,low_light,2025-01-01 16:42:00,1
IMG_10215,SUBJ_032,open,1,1,0.84,low_light,2025-01-01 16:45:00,1
IMG_10216,SUBJ_030,partially_closed,0,1,0.56,night,2025-01-01 16:48:00,1
IMG_10217,SUBJ_047,partially_closed,0,1,0.66,day,2025-01-01 16:51:00,1
IMG_10218,SUBJ_009,open,0,0,0.14,indoor,2025-01-01 16:54:00,0
IMG_10219,SUBJ_040,open,1,1,0.59,outdoor,2025-01-01 16:57:00,1
IMG_10220,SUBJ_023,partially_closed,1,1,0.59,day,2025-01-01 17:00:00,1
IMG_10221,SUBJ_002,open,1,1,0.52,indoor,2025-01-01 17:03:00,1
IMG_10222,SUBJ_008,partially_closed,0,1,0.51,day,2025-01-01 17:06:00,1
IMG_10223,SUBJ_022,closed,1,1,0.95,low_light,2025-01-01 17:09:00,1
IMG_10224,SUBJ_031,partially_closed,0,1,0.71,indoor,2025-01-01 17:12:00,1
IMG_10225,SUBJ_003,partially_closed,1,1,0.8,indoor,2025-01-01 17:15:00,1
IMG_10226,SUBJ_046,closed,1,1,0.59,outdoor,2025-01-01 17:18:00,1
IMG_10227,SUBJ_034,partially_closed,1,1,0.92,night,2025-01-01 17:21:00,1
IMG_10228,SUBJ_027,partially_closed,1,1,0.88,outdoor,2025-01-01 17:24:00,1
IMG_10229,SUBJ_016,closed,0,1,0.65,outdoor,2025-01-01 17:27:00,1
IMG_10230,SUBJ_001,partially_closed,1,1,0.77,indoor,2025-01-01 17:30:00,1
IMG_10231,SUBJ_024,closed,0,1,0.63,night,2025-01-01 17:33:00,1
IMG_10232,SUBJ_019,closed,0,1,0.92,indoor,2025-01-01 17:36:00,1
IMG_10233,SUBJ_029,partially_closed,0,1,0.46,outdoor,2025-01-01 17:39:00,1
IMG_10234,SUBJ_038,partially_closed,1,1,0.46,day,2025-01-01 17:42:00,1
IMG_10235,SUBJ_031,partially_closed,1,1,0.41,low_light,2025-01-01 17:45:00,1
IMG_10236,SUBJ_010,open,0,0,0.36,outdoor,2025-01-01 17:48:00,0
IMG_10237,SUBJ_013,partially_closed,0,1,0.93,outdoor,2025-01-01 17:51:00,1
IMG_10238,SUBJ_007,open,1,1,0.91,indoor,2025-01-01 17:54:00,1
IMG_10239,SUBJ_049,partially_closed,0,1,0.93,night,2025-01-01 17:57:00,1
IMG_10240,SUBJ_033,partially_closed,0,1,0.55,indoor,2025-01-01 18:00:00,1
IMG_10241,SUBJ_040,partially_closed,0,1,0.44,night,2025-01-01 18:03:00,1
IMG_10242,SUBJ_007,partially_closed,0,1,0.76,night,2025-01-01 18:06:00,1
IMG_10243,SUBJ_023,open,0,0,0.05,night,2025-01-01 18:09:00,0
IMG_10244,SUBJ_024,partially_closed,0,1,0.94,low_light,2025-01-01 18:12:00,1
IMG_10245,SUBJ_047,partially_closed,0,1,0.78,indoor,2025-01-01 18:15:00,1
IMG_10246,SUBJ_025,open,0,0,0.12,night,2025-01-01 18:18:00,0
IMG_10247,SUBJ_012,closed,0,1,0.62,day,2025-01-01 18:21:00,1
IMG_10248,SUBJ_042,partially_closed,1,1,0.51,night,2025-01-01 18:24:00,1
IMG_10249,SUBJ_009,closed,1,1,0.67,night,2025-01-01 18:27:00,1
IMG_10250,SUBJ_044,closed,0,1,0.33,outdoor,2025-01-01 18:30:00,1
IMG_10251,SUBJ_012,partially_closed,1,1,0.38,outdoor,2025-01-01 18:33:00,1
IMG_10252,SUBJ_022,open,1,1,0.35,low_light,2025-01-01 18:36:00,1
IMG_10253,SUBJ_020,closed,0,1,0.88,indoor,2025-01-01 18:39:00,1
IMG_10254,SUBJ_019,open,0,0,0.02,low_light,2025-01-01 18:42:00,0
IMG_10255,SUBJ_014,closed,0,1,0.42,night,2025-01-01 18:45:00,1
IMG_10256,SUBJ_029,closed,1,1,0.35,indoor,2025-01-01 18:48:00,1
IMG_10257,SUBJ_021,open,0,0,0.11,low_light,2025-01-01 18:51:00,0
IMG_10258,SUBJ_047,closed,1,1,0.87,low_light,2025-01-01 18:54:00,1
IMG_10259,SUBJ_003,open,0,0,0.42,low_light,2025-01-01 18:57:00,0
IMG_10260,SUBJ_041,open,0,0,0.46,outdoor,2025-01-01 19:00:00,0
IMG_10261,SUBJ_033,open,0,0,0.13,night,2025-01-01 19:03:00,0
IMG_10262,SUBJ_040,partially_closed,0,1,0.78,low_light,2025-01-01 19:06:00,1
IMG_10263,SUBJ_013,partially_closed,1,1,0.47,day,2025-01-01 19:09:00,1
IMG_10264,SUBJ_012,partially_closed,0,1,0.68,night,2025-01-01 19:12:00,1
IMG_10265,SUBJ_027,partially_closed,1,1,0.51,outdoor,2025-01-01 19:15:00,1
IMG_10266,SUBJ_032,open,0,0,0.25,day,2025-01-01 19:18:00,0
IMG_10267,SUBJ_034,partially_closed,1,1,0.63,day,2025-01-01 19:21:00,1
IMG_10268,SUBJ_038,open,0,0,0.14,day,2025-01-01 19:24:00,0
IMG_10269,SUBJ_025,partially_closed,1,1,0.61,indoor,2025-01-01 19:27:00,1
IMG_10270,SUBJ_043,open,1,1,0.79,outdoor,2025-01-01 19:30:00,1
IMG_10271,SUBJ_011,open,1,1,0.79,indoor,2025-01-01 19:33:00,1
IMG_10272,SUBJ_022,closed,0,1,0.39,outdoor,2025-01-01 19:36:00,1
IMG_10273,SUBJ_006,partially_closed,0,1,0.42,indoor,2025-01-01 19:39:00,1
IMG_10274,SUBJ_028,partially_closed,0,1,0.58,day,2025-01-01 19:42:00,1
IMG_10275,SUBJ_002,open,1,1,0.78,low_light,2025-01-01 19:45:00,1
IMG_10276,SUBJ_018,partially_closed,0,1,0.73,night,2025-01-01 19:48:00,1
IMG_10277,SUBJ_016,closed,1,1,0.57,outdoor,2025-01-01 19:51:00,1
IMG_10278,SUBJ_025,partially_closed,0,1,0.52,low_light,2025-01-01 19:54:00,1
IMG_10279,SUBJ_043,closed,1,1,0.58,day,2025-01-01 19:57:00,1
IMG_10280,SUBJ_008,partially_closed,0,1,0.46,day,2025-01-01 20:00:00,1
IMG_10281,SUBJ_039,open,1,1,0.49,night,2025-01-01 20:03:00,1
IMG_10282,SUBJ_034,closed,0,1,0.72,day,2025-01-01 20:06:00,1
IMG_10283,SUBJ_046,open,0,0,0.2,night,2025-01-01 20:09:00,0
IMG_10284,SUBJ_021,open,0,0,0.34,day,2025-01-01 20:12:00,0
IMG_10285,SUBJ_024,open,1,1,0.68,night,2025-01-01 20:15:00,1
IMG_10286,SUBJ_021,open,0,0,0.25,night,2025-01-01 20:18:00,0
IMG_10287,SUBJ_030,closed,0,1,0.38,night,2025-01-01 20:21:00,1
IMG_10288,SUBJ_027,partially_closed,0,1,0.94,outdoor,2025-01-01 20:24:00,1
IMG_10289,SUBJ_025,open,0,0,0.23,low_light,2025-01-01 20:27:00,0
IMG_10290,SUBJ_050,open,0,0,0.33,outdoor,2025-01-01 20:30:00,0
IMG_10291,SUBJ_049,partially_closed,0,1,0.6,day,2025-01-01 20:33:00,1
IMG_10292,SUBJ_009,partially_closed,0,1,0.62,day,2025-01-01 20:36:00,1
IMG_10293,SUBJ_012,closed,1,1,0.62,day,2025-01-01 20:39:00,1
IMG_10294,SUBJ_023,closed,1,1,0.44,night,2025-01-01 20:42:00,1
IMG_10295,SUBJ_014,open,1,1,0.91,day,2025-01-01 20:45:00,1
IMG_10296,SUBJ_039,open,0,0,0.15,outdoor,2025-01-01 20:48:00,0
IMG_10297,SUBJ_050,open,0,0,0.44,day,2025-01-01 20:51:00,0
IMG_10298,SUBJ_037,partially_closed,0,1,0.35,low_light,2025-01-01 20:54:00,1
IMG_10299,SUBJ_031,open,0,0,0.42,night,2025-01-01 20:57:00,0
IMG_10300,SUBJ_022,open,1,1,0.66,outdoor,2025-01-01 21:00:00,1
IMG_10301,SUBJ_027,partially_closed,0,1,0.38,day,2025-01-01 21:03:00,1
IMG_10302,SUBJ_036,closed,0,1,0.44,indoor,2025-01-01 21:06:00,1
IMG_10303,SUBJ_025,open,0,0,0.19,outdoor,2025-01-01 21:09:00,0
IMG_10304,SUBJ_022,open,0,0,0.46,indoor,2025-01-01 21:12:00,0
IMG_10305,SUBJ_007,partially_closed,0,1,0.84,outdoor,2025-01-01 21:15:00,1
IMG_10306,SUBJ_027,closed,0,1,0.69,day,2025-01-01 21:18:00,1
IMG_10307,SUBJ_019,open,0,0,0.35,low_light,2025-01-01 21:21:00,0
IMG_10308,SUBJ_037,partially_closed,0,1,0.66,night,2025-01-01 21:24:00,1
IMG_10309,SUBJ_047,partially_closed,0,1,0.49,day,2025-01-01 21:27:00,1
IMG_10310,SUBJ_040,closed,0,1,0.52,day,2025-01-01 21:30:00,1
IMG_10311,SUBJ_023,partially_closed,0,1,0.64,night,2025-01-01 21:33:00,1
IMG_10312,SUBJ_035,partially_closed,0,1,0.53,outdoor,2025-01-01 21:36:00,1
IMG_10313,SUBJ_013,open,1,1,0.53,indoor,2025-01-01 21:39:00,1
IMG_10314,SUBJ_045,partially_closed,0,1,0.72,outdoor,2025-01-01 21:42:00,1
IMG_10315,SUBJ_035,open,1,1,0.5,night,2025-01-01 21:45:00,1
IMG_10316,SUBJ_034,closed,0,1,0.34,indoor,2025-01-01 21:48:00,1
IMG_10317,SUBJ_001,partially_closed,0,1,0.69,day,2025-01-01 21:51:00,1
IMG_10318,SUBJ_008,partially_closed,1,1,0.94,indoor,2025-01-01 21:54:00,1
IMG_10319,SUBJ_023,closed,1,1,0.71,indoor,2025-01-01 21:57:00,1
IMG_10320,SUBJ_046,partially_closed,1,1,0.49,indoor,2025-01-01 22:00:00,1
IMG_10321,SUBJ_046,closed,0,1,0.87,night,2025-01-01 22:03:00,1
IMG_10322,SUBJ_033,closed,1,1,0.86,outdoor,2025-01-01 22:06:00,1
IMG_10323,SUBJ_049,open,1,1,0.79,outdoor,2025-01-01 22:09:00,1
IMG_10324,SUBJ_016,open,0,0,0.45,indoor,2025-01-01 22:12:00,0
IMG_10325,SUBJ_021,closed,0,1,0.8,low_light,2025-01-01 22:15:00,1
IMG_10326,SUBJ_004,closed,1,1,0.32,outdoor,2025-01-01 22:18:00,1
IMG_10327,SUBJ_008,closed,0,1,0.56,day,2025-01-01 22:21:00,1
IMG_10328,SUBJ_031,partially_closed,0,1,0.6,day,2025-01-01 22:24:00,1
IMG_10329,SUBJ_025,closed,0,1,0.8,outdoor,2025-01-01 22:27:00,1
IMG_10330,SUBJ_022,open,1,1,0.56,day,2025-01-01 22:30:00,1
IMG_10331,SUBJ_047,partially_closed,1,1,0.49,outdoor,2025-01-01 22:33:00,1
IMG_10332,SUBJ_043,partially_closed,1,1,0.63,indoor,2025-01-01 22:36:00,1
IMG_10333,SUBJ_028,open,1,1,0.49,outdoor,2025-01-01 22:39:00,1
IMG_10334,SUBJ_036,partially_closed,0,1,0.84,outdoor,2025-01-01 22:42:00,1
IMG_10335,SUBJ_021,closed,0,1,0.89,low_light,2025-01-01 22:45:00,1
IMG_10336,SUBJ_024,open,0,0,0.13,indoor,2025-01-01 22:48:00,0
IMG_10337,SUBJ_050,partially_closed,0,1,0.89,outdoor,2025-01-01 22:51:00,1
IMG_10338,SUBJ_049,partially_closed,1,1,0.72,day,2025-01-01 22:54:00,1
IMG_10339,SUBJ_006,closed,1,1,0.4,day,2025-01-01 22:57:00,1
IMG_10340,SUBJ_017,partially_closed,1,1,0.82,night,2025-01-01 23:00:00,1
IMG_10341,SUBJ_050,open,0,0,0.18,indoor,2025-01-01 23:03:00,0
IMG_10342,SUBJ_011,closed,0,1,0.83,outdoor,2025-01-01 23:06:00,1
IMG_10343,SUBJ_046,partially_closed,0,1,0.61,day,2025-01-01 23:09:00,1
IMG_10344,SUBJ_039,partially_closed,1,1,0.77,indoor,2025-01-01 23:12:00,1
IMG_10345,SUBJ_046,partially_closed,0,1,0.62,day,2025-01-01 23:15:00,1
IMG_10346,SUBJ_007,closed,0,1,0.55,indoor,2025-01-01 23:18:00,1
IMG_10347,SUBJ_024,partially_closed,1,1,0.91,night,2025-01-01 23:21:00,1
IMG_10348,SUBJ_017,closed,1,1,0.88,day,2025-01-01 23:24:00,1
IMG_10349,SUBJ_005,closed,0,1,0.57,outdoor,2025-01-01 23:27:00,1
IMG_10350,SUBJ_048,closed,0,1,0.45,night,2025-01-01 23:30:00,1
IMG_10351,SUBJ_011,partially_closed,1,1,0.73,day,2025-01-01 23:33:00,1
IMG_10352,SUBJ_008,closed,0,1,0.47,outdoor,2025-01-01 23:36:00,1
IMG_10353,SUBJ_008,open,0,0,0.35,low_light,2025-01-01 23:39:00,0
IMG_10354,SUBJ_023,closed,1,1,0.45,day,2025-01-01 23:42:00,1
IMG_10355,SUBJ_030,partially_closed,1,1,0.39,low_light,2025-01-01 23:45:00,1
IMG_10356,SUBJ_003,closed,0,1,0.32,day,2025-01-01 23:48:00,1
IMG_10357,SUBJ_047,open,0,0,0.14,indoor,2025-01-01 23:51:00,0
IMG_10358,SUBJ_041,partially_closed,1,1,0.57,day,2025-01-01 23:54:00,1
IMG_10359,SUBJ_046,open,0,0,0.07,outdoor,2025-01-01 23:57:00,0
IMG_10360,SUBJ_036,partially_closed,1,1,0.7,outdoor,2025-01-02 00:00:00,1
IMG_10361,SUBJ_030,partially_closed,1,1,0.66,low_light,2025-01-02 00:03:00,1
IMG_10362,SUBJ_044,closed,1,1,0.59,low_light,2025-01-02 00:06:00,1
IMG_10363,SUBJ_009,partially_closed,1,1,0.93,indoor,2025-01-02 00:09:00,1
IMG_10364,SUBJ_025,open,1,1,0.32,low_light,2025-01-02 00:12:00,1
IMG_10365,SUBJ_038,closed,1,1,0.6,night,2025-01-02 00:15:00,1
IMG_10366,SUBJ_042,partially_closed,1,1,0.7,low_light,2025-01-02 00:18:00,1
IMG_10367,SUBJ_021,partially_closed,0,1,0.75,indoor,2025-01-02 00:21:00,1
IMG_10368,SUBJ_028,closed,1,1,0.84,indoor,2025-01-02 00:24:00,1
IMG_10369,SUBJ_028,partially_closed,1,1,0.53,indoor,2025-01-02 00:27:00,1
IMG_10370,SUBJ_013,partially_closed,0,1,0.49,night,2025-01-02 00:30:00,1
IMG_10371,SUBJ_012,open,0,0,0.1,night,2025-01-02 00:33:00,0
IMG_10372,SUBJ_006,open,1,1,0.56,indoor,2025-01-02 00:36:00,1
IMG_10373,SUBJ_027,open,1,1,0.76,low_light,2025-01-02 00:39:00,1
IMG_10374,SUBJ_044,open,1,1,0.59,indoor,2025-01-02 00:42:00,1
IMG_10375,SUBJ_010,closed,1,1,0.79,low_light,2025-01-02 00:45:00,1
IMG_10376,SUBJ_028,partially_closed,1,1,0.85,day,2025-01-02 00:48:00,1
IMG_10377,SUBJ_032,closed,1,1,0.55,outdoor,2025-01-02 00:51:00,1
IMG_10378,SUBJ_035,closed,1,1,0.58,night,2025-01-02 00:54:00,1
IMG_10379,SUBJ_018,open,1,1,0.64,outdoor,2025-01-02 00:57:00,1
IMG_10380,SUBJ_010,partially_closed,0,1,0.57,indoor,2025-01-02 01:00:00,1
IMG_10381,SUBJ_004,partially_closed,1,1,0.33,day,2025-01-02 01:03:00,1
IMG_10382,SUBJ_012,open,0,0,0.31,day,2025-01-02 01:06:00,0
IMG_10383,SUBJ_050,closed,0,1,0.49,outdoor,2025-01-02 01:09:00,1
IMG_10384,SUBJ_037,open,1,1,0.3,night,2025-01-02 01:12:00,1
IMG_10385,SUBJ_014,partially_closed,0,1,0.4,day,2025-01-02 01:15:00,1
IMG_10386,SUBJ_048,closed,1,1,0.61,outdoor,2025-01-02 01:18:00,1
IMG_10387,SUBJ_002,open,1,1,0.62,indoor,2025-01-02 01:21:00,1
IMG_10388,SUBJ_018,open,0,0,0.17,night,2025-01-02 01:24:00,0
IMG_10389,SUBJ_012,closed,0,1,0.52,night,2025-01-02 01:27:00,1
IMG_10390,SUBJ_048,closed,1,1,0.31,low_light,2025-01-02 01:30:00,1
IMG_10391,SUBJ_016,partially_closed,0,1,0.4,day,2025-01-02 01:33:00,1
IMG_10392,SUBJ_021,partially_closed,0,1,0.6,indoor,2025-01-02 01:36:00,1
IMG_10393,SUBJ_023,partially_closed,1,1,0.82,low_light,2025-01-02 01:39:00,1
IMG_10394,SUBJ_034,partially_closed,1,1,0.7,day,2025-01-02 01:42:00,1
IMG_10395,SUBJ_009,partially_closed,0,1,0.34,day,2025-01-02 01:45:00,1
IMG_10396,SUBJ_014,partially_closed,0,1,0.9,outdoor,2025-01-02 01:48:00,1
IMG_10397,SUBJ_040,open,1,1,0.86,low_light,2025-01-02 01:51:00,1
IMG_10398,SUBJ_014,open,0,0,0.09,day,2025-01-02 01:54:00,0
IMG_10399,SUBJ_035,closed,0,1,0.51,outdoor,2025-01-02 01:57:00,1
IMG_10400,SUBJ_045,open,1,1,0.38,outdoor,2025-01-02 02:00:00,1
IMG_10401,SUBJ_037,partially_closed,1,1,0.85,indoor,2025-01-02 02:03:00,1
IMG_10402,SUBJ_041,closed,1,1,0.33,low_light,2025-01-02 02:06:00,1
IMG_10403,SUBJ_032,partially_closed,0,1,0.41,day,2025-01-02 02:09:00,1
IMG_10404,SUBJ_029,partially_closed,1,1,0.89,outdoor,2025-01-02 02:12:00,1
IMG_10405,SUBJ_010,partially_closed,1,1,0.91,day,2025-01-02 02:15:00,1
IMG_10406,SUBJ_035,closed,0,1,0.33,indoor,2025-01-02 02:18:00,1
IMG_10407,SUBJ_007,open,0,0,0.04,outdoor,2025-01-02 02:21:00,0
IMG_10408,SUBJ_012,closed,1,1,0.56,indoor,2025-01-02 02:24:00,1
IMG_10409,SUBJ_002,partially_closed,1,1,0.75,low_light,2025-01-02 02:27:00,1
IMG_10410,SUBJ_035,closed,0,1,0.83,low_light,2025-01-02 02:30:00,1
IMG_10411,SUBJ_012,closed,0,1,0.82,day,2025-01-02 02:33:00,1
IMG_10412,SUBJ_037,open,0,0,0.02,indoor,2025-01-02 02:36:00,0
IMG_10413,SUBJ_029,closed,1,1,0.51,day,2025-01-02 02:39:00,1
IMG_10414,SUBJ_036,closed,1,1,0.36,low_light,2025-01-02 02:42:00,1
IMG_10415,SUBJ_018,closed,1,1,0.55,indoor,2025-01-02 02:45:00,1
IMG_10416,SUBJ_026,open,0,0,0.43,low_light,2025-01-02 02:48:00,0
IMG_10417,SUBJ_026,partially_closed,0,1,0.48,outdoor,2025-01-02 02:51:00,1
IMG_10418,SUBJ_048,open,0,0,0.47,outdoor,2025-01-02 02:54:00,0
IMG_10419,SUBJ_042,open,0,0,0.03,night,2025-01-02 02:57:00,0
IMG_10420,SUBJ_031,open,0,0,0.15,low_light,2025-01-02 03:00:00,0
IMG_10421,SUBJ_027,partially_closed,1,1,0.8,outdoor,2025-01-02 03:03:00,1
IMG_10422,SUBJ_027,partially_closed,1,1,0.54,indoor,2025-01-02 03:06:00,1
IMG_10423,SUBJ_027,partially_closed,0,1,0.38,day,2025-01-02 03:09:00,1
IMG_10424,SUBJ_049,closed,0,1,0.8,day,2025-01-02 03:12:00,1
IMG_10425,SUBJ_008,closed,0,1,0.31,outdoor,2025-01-02 03:15:00,1
IMG_10426,SUBJ_033,open,0,0,0.03,day,2025-01-02 03:18:00,0
IMG_10427,SUBJ_021,open,0,0,0.16,outdoor,2025-01-02 03:21:00,0
IMG_10428,SUBJ_042,open,1,1,0.85,outdoor,2025-01-02 03:24:00,1
IMG_10429,SUBJ_015,closed,1,1,0.5,indoor,2025-01-02 03:27:00,1
IMG_10430,SUBJ_043,closed,0,1,0.91,outdoor,2025-01-02 03:30:00,1
IMG_10431,SUBJ_002,closed,1,1,0.6,day,2025-01-02 03:33:00,1
IMG_10432,SUBJ_035,open,0,0,0.43,indoor,2025-01-02 03:36:00,0
IMG_10433,SUBJ_017,partially_closed,0,1,0.74,indoor,2025-01-02 03:39:00,1
IMG_10434,SUBJ_028,partially_closed,1,1,0.62,low_light,2025-01-02 03:42:00,1
IMG_10435,SUBJ_022,partially_closed,1,1,0.59,low_light,2025-01-02 03:45:00,1
IMG_10436,SUBJ_048,open,1,1,0.82,night,2025-01-02 03:48:00,1
IMG_10437,SUBJ_037,partially_closed,0,1,0.93,night,2025-01-02 03:51:00,1
IMG_10438,SUBJ_014,open,1,1,0.58,outdoor,2025-01-02 03:54:00,1
IMG_10439,SUBJ_033,partially_closed,1,1,0.43,day,2025-01-02 03:57:00,1
IMG_10440,SUBJ_012,open,1,1,0.46,outdoor,2025-01-02 04:00:00,1
IMG_10441,SUBJ_001,closed,1,1,0.78,indoor,2025-01-02 04:03:00,1
IMG_10442,SUBJ_007,partially_closed,1,1,0.94,night,2025-01-02 04:06:00,1
IMG_10443,SUBJ_036,closed,1,1,0.77,outdoor,2025-01-02 04:09:00,1
IMG_10444,SUBJ_007,partially_closed,1,1,0.58,outdoor,2025-01-02 04:12:00,1
IMG_10445,SUBJ_025,open,0,0,0.25,outdoor,2025-01-02 04:15:00,0
IMG_10446,SUBJ_030,open,0,0,0.18,indoor,2025-01-02 04:18:00,0
IMG_10447,SUBJ_011,open,1,1,0.8,night,2025-01-02 04:21:00,1
IMG_10448,SUBJ_032,closed,1,1,0.71,low_light,2025-01-02 04:24:00,1
IMG_10449,SUBJ_007,closed,0,1,0.75,indoor,2025-01-02 04:27:00,1
IMG_10450,SUBJ_048,partially_closed,1,1,0.57,indoor,2025-01-02 04:30:00,1
IMG_10451,SUBJ_014,open,0,0,0.06,night,2025-01-02 04:33:00,0
IMG_10452,SUBJ_019,partially_closed,1,1,0.78,low_light,2025-01-02 04:36:00,1
IMG_10453,SUBJ_014,partially_closed,1,1,0.94,indoor,2025-01-02 04:39:00,1
IMG_10454,SUBJ_043,partially_closed,1,1,0.93,indoor,2025-01-02 04:42:00,1
IMG_10455,SUBJ_027,closed,1,1,0.76,indoor,2025-01-02 04:45:00,1
IMG_10456,SUBJ_026,open,0,0,0.24,night,2025-01-02 04:48:00,0
IMG_10457,SUBJ_016,open,1,1,0.42,night,2025-01-02 04:51:00,1
IMG_10458,SUBJ_006,open,0,0,0.23,low_light,2025-01-02 04:54:00,0
IMG_10459,SUBJ_005,closed,0,1,0.87,low_light,2025-01-02 04:57:00,1
IMG_10460,SUBJ_040,open,0,0,0.28,day,2025-01-02 05:00:00,0
IMG_10461,SUBJ_018,closed,1,1,0.9,day,2025-01-02 05:03:00,1
IMG_10462,SUBJ_014,partially_closed,1,1,0.89,day,2025-01-02 05:06:00,1
IMG_10463,SUBJ_034,open,0,0,0.43,outdoor,2025-01-02 05:09:00,0
IMG_10464,SUBJ_013,closed,0,1,0.87,day,2025-01-02 05:12:00,1
IMG_10465,SUBJ_037,open,1,1,0.36,day,2025-01-02 05:15:00,1
IMG_10466,SUBJ_027,open,1,1,0.71,night,2025-01-02 05:18:00,1
IMG_10467,SUBJ_042,closed,1,1,0.54,day,2025-01-02 05:21:00,1
IMG_10468,SUBJ_004,partially_closed,0,1,0.41,night,2025-01-02 05:24:00,1
IMG_10469,SUBJ_029,partially_closed,1,1,0.92,indoor,2025-01-02 05:27:00,1
IMG_10470,SUBJ_025,partially_closed,0,1,0.86,outdoor,2025-01-02 05:30:00,1
IMG_10471,SUBJ_050,partially_closed,1,1,0.77,outdoor,2025-01-02 05:33:00,1
IMG_10472,SUBJ_028,closed,1,1,0.68,low_light,2025-01-02 05:36:00,1
IMG_10473,SUBJ_021,open,0,0,0.37,low_light,2025-01-02 05:39:00,0
IMG_10474,SUBJ_049,partially_closed,0,1,0.82,day,2025-01-02 05:42:00,1
IMG_10475,SUBJ_006,partially_closed,0,1,0.35,low_light,2025-01-02 05:45:00,1
IMG_10476,SUBJ_003,partially_closed,0,1,0.89,outdoor,2025-01-02 05:48:00,1
IMG_10477,SUBJ_046,partially_closed,1,1,0.67,indoor,2025-01-02 05:51:00,1
IMG_10478,SUBJ_002,partially_closed,0,1,0.69,night,2025-01-02 05:54:00,1
IMG_10479,SUBJ_035,partially_closed,0,1,0.92,day,2025-01-02 05:57:00,1
IMG_10480,SUBJ_047,open,0,0,0.26,indoor,2025-01-02 06:00:00,0
IMG_10481,SUBJ_007,partially_closed,0,1,0.66,night,2025-01-02 06:03:00,1
IMG_10482,SUBJ_009,closed,0,1,0.71,low_light,2025-01-02 06:06:00,1
IMG_10483,SUBJ_008,closed,1,1,0.59,day,2025-01-02 06:09:00,1
IMG_10484,SUBJ_008,open,1,1,0.41,day,2025-01-02 06:12:00,1
IMG_10485,SUBJ_034,open,1,1,0.4,low_light,2025-01-02 06:15:00,1
IMG_10486,SUBJ_005,open,1,1,0.69,night,2025-01-02 06:18:00,1
IMG_10487,SUBJ_018,open,0,0,0.4,indoor,2025-01-02 06:21:00,0
IMG_10488,SUBJ_023,closed,0,1,0.86,outdoor,2025-01-02 06:24:00,1
IMG_10489,SUBJ_028,closed,1,1,0.44,indoor,2025-01-02 06:27:00,1
IMG_10490,SUBJ_007,partially_closed,0,1,0.74,night,2025-01-02 06:30:00,1
IMG_10491,SUBJ_006,closed,1,1,0.9,low_light,2025-01-02 06:33:00,1
IMG_10492,SUBJ_031,closed,1,1,0.76,day,2025-01-02 06:36:00,1
IMG_10493,SUBJ_018,partially_closed,1,1,0.86,indoor,2025-01-02 06:39:00,1
IMG_10494,SUBJ_048,open,1,1,0.55,low_light,2025-01-02 06:42:00,1
IMG_10495,SUBJ_036,partially_closed,0,1,0.57,outdoor,2025-01-02 06:45:00,1
IMG_10496,SUBJ_005,closed,1,1,0.58,outdoor,2025-01-02 06:48:00,1
IMG_10497,SUBJ_029,closed,0,1,0.49,low_light,2025-01-02 06:51:00,1
IMG_10498,SUBJ_018,partially_closed,0,1,0.57,indoor,2025-01-02 06:54:00,1
IMG_10499,SUBJ_012,partially_closed,0,1,0.59,low_light,2025-01-02 06:57:00,1
